title,published,source_query,sentiment,sentiment_score,entities_count,entities,positive_indicators,negative_indicators,decision,decision_score,explanation
Stock futures are little changed after Wall Street posts third straight losing day: Live updates - CNBC,"Wed, 02 Sep 2026 04:04:11 GMT",stock market,neutral,0.8591897487640381,0,,0,0,HOLD,0.0,"The NLP system detected neutral sentiment with 85.92% confidence. It identified 0 financial entities, 0 positive financial indicators and 0 negative financial indicators. Based on the combined NLP signals, the system generated a HOLD decision."
"Markets News, Sept. 1, 2025: Stocks Sink to Begin September as Oil Prices, Treasury Yields Jump - Investopedia","Tue, 01 Sep 2026 21:11:47 GMT",stock market,neutral,0.8689122796058655,0,,0,0,HOLD,0.0,"The NLP system detected neutral sentiment with 86.89% confidence. It identified 0 financial entities, 0 positive financial indicators and 0 negative financial indicators. Based on the combined NLP signals, the system generated a HOLD decision."
Asian Stocks Set for Declines as Oil Extends Gains: Markets Wrap - Bloomberg.com,"Tue, 01 Sep 2026 22:07:33 GMT",stock market,negative,0.4822636544704437,0,,2,1,SELL,-0.2976,"The NLP system detected negative sentiment with 48.23% confidence. It identified 0 financial entities, 2 positive financial indicators and 1 negative financial indicators. Based on the combined NLP signals, the system generated a SELL decision."
"Stock Market Highlights, Sensex Today: Sensex Settles 280 Points Higher Amid Mixed Global Cues - ndtv.com","Tue, 25 Aug 2026 09:45:46 GMT",stock market,positive,0.6903692483901978,0,,0,0,BUY,0.4833,"The NLP system detected positive sentiment with 69.04% confidence. It identified 0 financial entities, 0 positive financial indicators and 0 negative financial indicators. Based on the combined NLP signals, the system generated a BUY decision."
"Sensex Today | Nifty 50 | Stock Market Live Updates: Sensex slides over 650 pts, Nifty below 23,850; IT, ... - The Economic Times","Wed, 02 Sep 2026 06:37:34 GMT",stock market,negative,0.9230099320411682,0,,1,2,STRONG SELL,-0.6861,"The NLP system detected negative sentiment with 92.30% confidence. It identified 0 financial entities, 1 positive financial indicators and 2 negative financial indicators. Based on the combined NLP signals, the system generated a STRONG SELL decision."
"Top stocks to buy or sell today: Stock market recommendations for September 1, 2026 - check list - The Times of India","Tue, 01 Sep 2026 03:21:00 GMT",stock market,neutral,0.9363455176353455,0,,0,0,HOLD,0.0,"The NLP system detected neutral sentiment with 93.63% confidence. It identified 0 financial entities, 0 positive financial indicators and 0 negative financial indicators. Based on the combined NLP signals, the system generated a HOLD decision."
"National Stock Exchange of India IPO GMP, Grey Market Premium Today - ipowatch.in","Tue, 01 Sep 2026 13:58:34 GMT",stock market,neutral,0.9212979078292847,0,,0,0,HOLD,0.0,"The NLP system detected neutral sentiment with 92.13% confidence. It identified 0 financial entities, 0 positive financial indicators and 0 negative financial indicators. Based on the combined NLP signals, the system generated a HOLD decision."
Raymond James initiates Bank OZK stock coverage with Market Perform By Investing.com - Investing.com India,"Tue, 01 Sep 2026 21:04:34 GMT",stock market,neutral,0.9510650634765625,0,,0,0,HOLD,0.0,"The NLP system detected neutral sentiment with 95.11% confidence. It identified 0 financial entities, 0 positive financial indicators and 0 negative financial indicators. Based on the combined NLP signals, the system generated a HOLD decision."
India's Biggest Stock Market Booms And Busts - Rediff,"Tue, 01 Sep 2026 03:39:01 GMT",stock market,neutral,0.7481867074966431,2,"##dia, ##dia",0,0,HOLD,0.02,"The NLP system detected neutral sentiment with 74.82% confidence. It identified 2 financial entities, 0 positive financial indicators and 0 negative financial indicators. Based on the combined NLP signals, the system generated a HOLD decision."
Axis Securities Top Picks: Bharti Airtel Tops List Of 15 Stocks To Buy — Check Full List - NDTV Profit,"Wed, 02 Sep 2026 05:30:09 GMT",stock market,neutral,0.8307334780693054,0,,1,0,HOLD,0.04,"The NLP system detected neutral sentiment with 83.07% confidence. It identified 0 financial entities, 1 positive financial indicators and 0 negative financial indicators. Based on the combined NLP signals, the system generated a HOLD decision."
"Stock Market Slips, India's GDP Hits 7.8%, Sugar Limit Tightened - India Today - India Today","Tue, 01 Sep 2026 10:52:55 GMT",stock market,neutral,0.8700809478759766,0,,0,0,HOLD,0.0,"The NLP system detected neutral sentiment with 87.01% confidence. It identified 0 financial entities, 0 positive financial indicators and 0 negative financial indicators. Based on the combined NLP signals, the system generated a HOLD decision."
India's stock market getting smarter: This Indian startup plans to put market intelligence in traders' hands - India.com,"Wed, 02 Sep 2026 04:58:35 GMT",stock market,neutral,0.9117287993431091,1,##dia,0,0,HOLD,0.01,"The NLP system detected neutral sentiment with 91.17% confidence. It identified 1 financial entities, 0 positive financial indicators and 0 negative financial indicators. Based on the combined NLP signals, the system generated a HOLD decision."
Indian Stock Market Opens in Red Today - News On AIR,"Tue, 01 Sep 2026 07:13:53 GMT",stock market,neutral,0.9164139628410339,0,,0,0,HOLD,0.0,"The NLP system detected neutral sentiment with 91.64% confidence. It identified 0 financial entities, 0 positive financial indicators and 0 negative financial indicators. Based on the combined NLP signals, the system generated a HOLD decision."
Stock Market Today: All You Need To Know Going Into Trade On Sept 2 - NDTV Profit,"Wed, 02 Sep 2026 00:30:01 GMT",stock market,neutral,0.9308807849884033,0,,1,0,HOLD,0.04,"The NLP system detected neutral sentiment with 93.09% confidence. It identified 0 financial entities, 1 positive financial indicators and 0 negative financial indicators. Based on the combined NLP signals, the system generated a HOLD decision."
Weekly market commentary - blackrock.com,"Mon, 31 Aug 2026 07:00:00 GMT",stock market,neutral,0.939716637134552,0,,0,0,HOLD,0.0,"The NLP system detected neutral sentiment with 93.97% confidence. It identified 0 financial entities, 0 positive financial indicators and 0 negative financial indicators. Based on the combined NLP signals, the system generated a HOLD decision."
"Stock market today: Gift Nifty signals a negative start amid rising yields; 8 stocks to buy on Wednesday, 2 September - Livemint","Wed, 02 Sep 2026 01:34:40 GMT",stock market,negative,0.9512407779693604,0,,1,0,STRONG SELL,-0.6259,"The NLP system detected negative sentiment with 95.12% confidence. It identified 0 financial entities, 1 positive financial indicators and 0 negative financial indicators. Based on the combined NLP signals, the system generated a STRONG SELL decision."
Shein shares slide on fast-fashion retailer’s stock market debut - The Guardian,"Tue, 01 Sep 2026 18:21:00 GMT",stock market,negative,0.9230297803878784,0,,0,0,STRONG SELL,-0.6461,"The NLP system detected negative sentiment with 92.30% confidence. It identified 0 financial entities, 0 positive financial indicators and 0 negative financial indicators. Based on the combined NLP signals, the system generated a STRONG SELL decision."
Overnight Stock Market Movements: Key Developments - Equitypandit,"Wed, 02 Sep 2026 02:27:00 GMT",stock market,neutral,0.9142835140228271,0,,0,0,HOLD,0.0,"The NLP system detected neutral sentiment with 91.43% confidence. It identified 0 financial entities, 0 positive financial indicators and 0 negative financial indicators. Based on the combined NLP signals, the system generated a HOLD decision."
"Sensex, Nifty crash today: Why is stock market down today? Top 3 reasons explained - Livemint","Wed, 02 Sep 2026 04:14:50 GMT",stock market,neutral,0.7515156865119934,0,,0,0,HOLD,0.0,"The NLP system detected neutral sentiment with 75.15% confidence. It identified 0 financial entities, 0 positive financial indicators and 0 negative financial indicators. Based on the combined NLP signals, the system generated a HOLD decision."
"Apple's new CEO, G20 meetings continue, the FTC sues Amazon and more in Morning Squawk - CNBC","Tue, 01 Sep 2026 12:27:10 GMT",stock market,neutral,0.8596779704093933,0,,0,0,HOLD,0.0,"The NLP system detected neutral sentiment with 85.97% confidence. It identified 0 financial entities, 0 positive financial indicators and 0 negative financial indicators. Based on the combined NLP signals, the system generated a HOLD decision."
India's GDP grows 7.8% in Q1: Factors powering the economy despite global turmoil - The Times of India,"Tue, 01 Sep 2026 10:25:00 GMT",Indian economy,positive,0.4639911949634552,0,,2,0,BUY,0.4048,"The NLP system detected positive sentiment with 46.40% confidence. It identified 0 financial entities, 2 positive financial indicators and 0 negative financial indicators. Based on the combined NLP signals, the system generated a BUY decision."
PM’s economic adviser denies allegations of Centre manipulating GDP data - Scroll.in,"Wed, 02 Sep 2026 02:57:00 GMT",Indian economy,neutral,0.7675164341926575,0,,0,0,HOLD,0.0,"The NLP system detected neutral sentiment with 76.75% confidence. It identified 0 financial entities, 0 positive financial indicators and 0 negative financial indicators. Based on the combined NLP signals, the system generated a HOLD decision."
India’s GDP beats growth forecast at 7.8% - Financial Times,"Mon, 31 Aug 2026 13:21:29 GMT",Indian economy,neutral,0.8890553712844849,1,##dia,2,0,HOLD,0.09,"The NLP system detected neutral sentiment with 88.91% confidence. It identified 1 financial entities, 2 positive financial indicators and 0 negative financial indicators. Based on the combined NLP signals, the system generated a HOLD decision."
"Mint macro tracker: Indian economy showed resilience in July, but risks linger - Livemint","Wed, 02 Sep 2026 05:31:00 GMT",Indian economy,negative,0.5912927389144897,0,,0,2,SELL,-0.4939,"The NLP system detected negative sentiment with 59.13% confidence. It identified 0 financial entities, 0 positive financial indicators and 2 negative financial indicators. Based on the combined NLP signals, the system generated a SELL decision."
India’s Economy Posts Robust Growth Despite Mideast Energy Shock - WSJ,"Mon, 31 Aug 2026 11:39:00 GMT",Indian economy,positive,0.9503412246704102,2,"##dia, ##dia",2,0,STRONG BUY,0.7652,"The NLP system detected positive sentiment with 95.03% confidence. It identified 2 financial entities, 2 positive financial indicators and 0 negative financial indicators. Based on the combined NLP signals, the system generated a STRONG BUY decision."
India’s economy grows 7.7% in FY 2025-26; Q4 growth accelerates to 7.8% - DD News,"Tue, 01 Sep 2026 07:36:37 GMT",Indian economy,neutral,0.5287010669708252,2,"##dia, ##dia",2,0,HOLD,0.1,"The NLP system detected neutral sentiment with 52.87% confidence. It identified 2 financial entities, 2 positive financial indicators and 0 negative financial indicators. Based on the combined NLP signals, the system generated a HOLD decision."
Footwear industry is backbone of India’s economy: Union Minister Giriraj Singh | Akashvani News - News On AIR,"Tue, 01 Sep 2026 21:19:09 GMT",Indian economy,neutral,0.938972532749176,6,"##dia, g, ##iri, ##dia, g, ##iriraj sing",0,0,HOLD,0.06,"The NLP system detected neutral sentiment with 93.90% confidence. It identified 6 financial entities, 0 positive financial indicators and 0 negative financial indicators. Based on the combined NLP signals, the system generated a HOLD decision."
Why West Asia war didn’t hurt India economy as much as was feared - The Indian Express,"Sat, 29 Aug 2026 05:31:46 GMT",Indian economy,neutral,0.7969160676002502,0,,0,0,HOLD,0.0,"The NLP system detected neutral sentiment with 79.69% confidence. It identified 0 financial entities, 0 positive financial indicators and 0 negative financial indicators. Based on the combined NLP signals, the system generated a HOLD decision."
India’s GDP Performance - PIB,"Tue, 01 Sep 2026 09:23:00 GMT",Indian economy,neutral,0.7440447807312012,0,,0,0,HOLD,0.0,"The NLP system detected neutral sentiment with 74.40% confidence. It identified 0 financial entities, 0 positive financial indicators and 0 negative financial indicators. Based on the combined NLP signals, the system generated a HOLD decision."
But where is India’s economic growth? - The Statesman,"Wed, 02 Sep 2026 03:26:00 GMT",Indian economy,neutral,0.9109116196632385,0,,2,0,HOLD,0.08,"The NLP system detected neutral sentiment with 91.09% confidence. It identified 0 financial entities, 2 positive financial indicators and 0 negative financial indicators. Based on the combined NLP signals, the system generated a HOLD decision."
Raghuram Rajan: India’s Jobs Crisis Needs a New Growth Model - Frontline Magazine,"Tue, 01 Sep 2026 07:28:39 GMT",Indian economy,neutral,0.8979697227478027,4,"r, ##dia, r, ##dia",2,1,HOLD,0.08,"The NLP system detected neutral sentiment with 89.80% confidence. It identified 4 financial entities, 2 positive financial indicators and 1 negative financial indicators. Based on the combined NLP signals, the system generated a HOLD decision."
But Where Is Indian Economic Growth? - swarajyamag.com,"Tue, 01 Sep 2026 07:49:15 GMT",Indian economy,neutral,0.9417211413383484,0,,2,0,HOLD,0.08,"The NLP system detected neutral sentiment with 94.17% confidence. It identified 0 financial entities, 2 positive financial indicators and 0 negative financial indicators. Based on the combined NLP signals, the system generated a HOLD decision."
VIEW India's GDP grows better-than-expected at 7.8% in April-June - Reuters,"Mon, 31 Aug 2026 11:38:11 GMT",Indian economy,positive,0.8747847080230713,1,##dia,0,0,STRONG BUY,0.6223,"The NLP system detected positive sentiment with 87.48% confidence. It identified 1 financial entities, 0 positive financial indicators and 0 negative financial indicators. Based on the combined NLP signals, the system generated a STRONG BUY decision."
Why India’s 7.8% GDP growth in Q1 stands out: 5 reasons - Firstpost,"Wed, 02 Sep 2026 06:28:12 GMT",Indian economy,neutral,0.9271782636642456,0,,2,0,HOLD,0.08,"The NLP system detected neutral sentiment with 92.72% confidence. It identified 0 financial entities, 2 positive financial indicators and 0 negative financial indicators. Based on the combined NLP signals, the system generated a HOLD decision."
"Kharge dismisses Modi’s GDP video as ‘PR on economy’, flags rise in prices - Nagaland Post","Wed, 02 Sep 2026 06:40:57 GMT",Indian economy,neutral,0.8313300013542175,0,,1,0,HOLD,0.04,"The NLP system detected neutral sentiment with 83.13% confidence. It identified 0 financial entities, 1 positive financial indicators and 0 negative financial indicators. Based on the combined NLP signals, the system generated a HOLD decision."
7.8% GDP growth exposes ‘dead economy’ narrative: Gaurav - Daily Excelsior,"Tue, 01 Sep 2026 23:58:46 GMT",Indian economy,neutral,0.8273048996925354,0,,2,0,HOLD,0.08,"The NLP system detected neutral sentiment with 82.73% confidence. It identified 0 financial entities, 2 positive financial indicators and 0 negative financial indicators. Based on the combined NLP signals, the system generated a HOLD decision."
7.8% Q1 growth shows Indian economy has absorbed oil shock as domestic demand cushions global headwinds - ThePrint,"Mon, 31 Aug 2026 14:28:37 GMT",Indian economy,neutral,0.858170747756958,0,,2,0,HOLD,0.08,"The NLP system detected neutral sentiment with 85.82% confidence. It identified 0 financial entities, 2 positive financial indicators and 0 negative financial indicators. Based on the combined NLP signals, the system generated a HOLD decision."
Finance Minister Nirmala Sitharaman meets IMF chief Georgieva - ET BFSI,"Wed, 02 Sep 2026 03:54:36 GMT",Indian economy,neutral,0.9212061166763306,6,"ni, ##rmal, sit, ni, ##rmal, sit",0,0,HOLD,0.06,"The NLP system detected neutral sentiment with 92.12% confidence. It identified 6 financial entities, 0 positive financial indicators and 0 negative financial indicators. Based on the combined NLP signals, the system generated a HOLD decision."
India’s economy set for 7-7.2% growth in FY27 despite global headwinds: EY - The Times of India,"Sun, 30 Aug 2026 10:12:00 GMT",Indian economy,neutral,0.8063708543777466,3,"##dia, ##dia, ##dia",2,0,HOLD,0.11,"The NLP system detected neutral sentiment with 80.64% confidence. It identified 3 financial entities, 2 positive financial indicators and 0 negative financial indicators. Based on the combined NLP signals, the system generated a HOLD decision."
Rajiv Kumar: 'Give Credit to Where It Is Due' on Indian Economy's Growth - India Today - India Today,"Tue, 01 Sep 2026 14:38:25 GMT",Indian economy,neutral,0.9260643720626831,3,"##dia, ##dian, ##dia",2,0,HOLD,0.11,"The NLP system detected neutral sentiment with 92.61% confidence. It identified 3 financial entities, 2 positive financial indicators and 0 negative financial indicators. Based on the combined NLP signals, the system generated a HOLD decision."
"Dell, Palo Alto, Credo Technology, MongoDB, GitLab: Why These 5 Stocks Are on Investors' Radars Today - TradingView","Wed, 02 Sep 2026 01:29:53 GMT",technology stocks,neutral,0.948226809501648,0,,0,0,HOLD,0.0,"The NLP system detected neutral sentiment with 94.82% confidence. It identified 0 financial entities, 0 positive financial indicators and 0 negative financial indicators. Based on the combined NLP signals, the system generated a HOLD decision."
"IT Stocks In Red: Infosys, TCS, Persistent, Coforge, Others Drag Nifty IT Index Over 2% - NDTV Profit","Wed, 02 Sep 2026 05:14:27 GMT",technology stocks,negative,0.9301514625549316,0,,1,0,STRONG SELL,-0.6111,"The NLP system detected negative sentiment with 93.02% confidence. It identified 0 financial entities, 1 positive financial indicators and 0 negative financial indicators. Based on the combined NLP signals, the system generated a STRONG SELL decision."
Large Cap Stocks At 52-Week Highs: Monday’s Full List - Trefis,"Wed, 02 Sep 2026 05:23:48 GMT",technology stocks,neutral,0.9261184930801392,0,,0,0,HOLD,0.0,"The NLP system detected neutral sentiment with 92.61% confidence. It identified 0 financial entities, 0 positive financial indicators and 0 negative financial indicators. Based on the combined NLP signals, the system generated a HOLD decision."
Uber Technologies Stock: Is UBER Underperforming the Technology Sector? - Yahoo Finance,"Tue, 01 Sep 2026 15:52:44 GMT",technology stocks,negative,0.6940643787384033,0,,0,0,SELL,-0.4858,"The NLP system detected negative sentiment with 69.41% confidence. It identified 0 financial entities, 0 positive financial indicators and 0 negative financial indicators. Based on the combined NLP signals, the system generated a SELL decision."
"ASX Midday Sector Update: Communication Services Stocks Advance, Information Technology Sector Struggles - marketscreener.com","Wed, 02 Sep 2026 02:52:14 GMT",technology stocks,neutral,0.9406763911247253,0,,0,0,HOLD,0.0,"The NLP system detected neutral sentiment with 94.07% confidence. It identified 0 financial entities, 0 positive financial indicators and 0 negative financial indicators. Based on the combined NLP signals, the system generated a HOLD decision."
"Stocks slip on Wall Street under pressure from rising oil prices, bond sell-off - PBS","Tue, 01 Sep 2026 17:48:23 GMT",technology stocks,negative,0.9636630415916443,0,,1,0,STRONG SELL,-0.6346,"The NLP system detected negative sentiment with 96.37% confidence. It identified 0 financial entities, 1 positive financial indicators and 0 negative financial indicators. Based on the combined NLP signals, the system generated a STRONG SELL decision."
"Prediction: If a September Sell-Off Hits Speculative AI Stocks, Quantum Computing Falls First - The Motley Fool","Tue, 01 Sep 2026 21:50:00 GMT",technology stocks,neutral,0.5047990083694458,0,,0,1,HOLD,-0.04,"The NLP system detected neutral sentiment with 50.48% confidence. It identified 0 financial entities, 0 positive financial indicators and 1 negative financial indicators. Based on the combined NLP signals, the system generated a HOLD decision."
3 US Growth Stocks With Long Duration Tech Exposure Retail Investors Should Screen - simplywall.st,"Tue, 01 Sep 2026 18:42:36 GMT",technology stocks,neutral,0.9447778463363647,0,,2,0,HOLD,0.08,"The NLP system detected neutral sentiment with 94.48% confidence. It identified 0 financial entities, 2 positive financial indicators and 0 negative financial indicators. Based on the combined NLP signals, the system generated a HOLD decision."
What are Tech Stocks? Understanding IT Sector Companies and Their Stocks - Analytics Insight,"Tue, 01 Sep 2026 15:30:00 GMT",technology stocks,neutral,0.9424262642860413,0,,0,0,HOLD,0.0,"The NLP system detected neutral sentiment with 94.24% confidence. It identified 0 financial entities, 0 positive financial indicators and 0 negative financial indicators. Based on the combined NLP signals, the system generated a HOLD decision."
"OGIG Gains 10% in August as Cloud, AI Stocks Rally - ETF Trends","Tue, 01 Sep 2026 18:59:38 GMT",technology stocks,positive,0.9235532879829407,0,,3,0,STRONG BUY,0.7665,"The NLP system detected positive sentiment with 92.36% confidence. It identified 0 financial entities, 3 positive financial indicators and 0 negative financial indicators. Based on the combined NLP signals, the system generated a STRONG BUY decision."
Dell rises 8.7% after earnings as tech stocks diverge post-selloff - TechStock²,"Tue, 01 Sep 2026 21:11:38 GMT",technology stocks,positive,0.8714500665664673,2,"dell, dell",1,0,STRONG BUY,0.67,"The NLP system detected positive sentiment with 87.15% confidence. It identified 2 financial entities, 1 positive financial indicators and 0 negative financial indicators. Based on the combined NLP signals, the system generated a STRONG BUY decision."
Technology stocks drag Sri Lankan shares lower - TradingView,"Tue, 01 Sep 2026 12:12:05 GMT",technology stocks,negative,0.9595530033111572,0,,0,0,STRONG SELL,-0.6717,"The NLP system detected negative sentiment with 95.96% confidence. It identified 0 financial entities, 0 positive financial indicators and 0 negative financial indicators. Based on the combined NLP signals, the system generated a STRONG SELL decision."
Is Micron Technology Stock Outperforming the Nasdaq? - Yahoo Finance,"Tue, 01 Sep 2026 13:39:13 GMT",technology stocks,negative,0.7884001135826111,0,,0,0,SELL,-0.5519,"The NLP system detected negative sentiment with 78.84% confidence. It identified 0 financial entities, 0 positive financial indicators and 0 negative financial indicators. Based on the combined NLP signals, the system generated a SELL decision."
Wall Street Braces For Red Start: Spike In Yields Among Three Reasons Pushing US Stock Futures Lower - NDTV Profit,"Tue, 01 Sep 2026 11:19:00 GMT",technology stocks,negative,0.5142073035240173,0,,1,0,SELL,-0.3199,"The NLP system detected negative sentiment with 51.42% confidence. It identified 0 financial entities, 1 positive financial indicators and 0 negative financial indicators. Based on the combined NLP signals, the system generated a SELL decision."
Only Two Days Left To Cash In On PAX Global Technology's (HKG:327) Dividend - simplywall.st,"Tue, 01 Sep 2026 23:29:41 GMT",technology stocks,neutral,0.9267870187759399,0,,0,0,HOLD,0.0,"The NLP system detected neutral sentiment with 92.68% confidence. It identified 0 financial entities, 0 positive financial indicators and 0 negative financial indicators. Based on the combined NLP signals, the system generated a HOLD decision."
Intel Stock: Is INTC Outperforming the Technology Sector? - Yahoo Finance,"Tue, 01 Sep 2026 11:12:40 GMT",technology stocks,neutral,0.6990417242050171,0,,0,0,HOLD,0.0,"The NLP system detected neutral sentiment with 69.90% confidence. It identified 0 financial entities, 0 positive financial indicators and 0 negative financial indicators. Based on the combined NLP signals, the system generated a HOLD decision."
Credo Technology Group Holding Ltd. (CRDO) Q1 Earnings and Revenues Beat Estimates - Yahoo Finance,"Tue, 01 Sep 2026 21:15:02 GMT",technology stocks,positive,0.7852797508239746,0,,0,0,BUY,0.5497,"The NLP system detected positive sentiment with 78.53% confidence. It identified 0 financial entities, 0 positive financial indicators and 0 negative financial indicators. Based on the combined NLP signals, the system generated a BUY decision."
Accenture Stock: Is ACN Underperforming the Technology Sector? - Yahoo Finance,"Mon, 31 Aug 2026 14:45:25 GMT",technology stocks,negative,0.6788461804389954,0,,0,0,SELL,-0.4752,"The NLP system detected negative sentiment with 67.88% confidence. It identified 0 financial entities, 0 positive financial indicators and 0 negative financial indicators. Based on the combined NLP signals, the system generated a SELL decision."
KOSPI rebounds as chip stocks recover while Nikkei 225 slides on bond shock - TradingView,"Tue, 01 Sep 2026 04:42:00 GMT",technology stocks,negative,0.8055996894836426,0,,0,0,SELL,-0.5639,"The NLP system detected negative sentiment with 80.56% confidence. It identified 0 financial entities, 0 positive financial indicators and 0 negative financial indicators. Based on the combined NLP signals, the system generated a SELL decision."
Global Market: Japan stocks see sector rotation as tech shares tumble - The Economic Times,"Tue, 01 Sep 2026 04:37:31 GMT",technology stocks,neutral,0.6926679611206055,0,,0,0,HOLD,0.0,"The NLP system detected neutral sentiment with 69.27% confidence. It identified 0 financial entities, 0 positive financial indicators and 0 negative financial indicators. Based on the combined NLP signals, the system generated a HOLD decision."
Bank of England chief warns new AI models threaten global financial stability - CNBC,"Mon, 31 Aug 2026 10:18:59 GMT",banking finance,neutral,0.8422998189926147,0,,0,0,HOLD,0.0,"The NLP system detected neutral sentiment with 84.23% confidence. It identified 0 financial entities, 0 positive financial indicators and 0 negative financial indicators. Based on the combined NLP signals, the system generated a HOLD decision."
"Goldman Sachs, BofA and others plan to issue dollar stablecoin together in 2027 - Reuters","Tue, 01 Sep 2026 17:23:40 GMT",banking finance,neutral,0.9215614199638367,0,,0,0,HOLD,0.0,"The NLP system detected neutral sentiment with 92.16% confidence. It identified 0 financial entities, 0 positive financial indicators and 0 negative financial indicators. Based on the combined NLP signals, the system generated a HOLD decision."
Ex-J&K Minister Raises Concerns Over Bank's Recruitment And Lending Policies - ndtv.com,"Tue, 01 Sep 2026 07:21:10 GMT",banking finance,negative,0.6626301407814026,0,,0,0,SELL,-0.4638,"The NLP system detected negative sentiment with 66.26% confidence. It identified 0 financial entities, 0 positive financial indicators and 0 negative financial indicators. Based on the combined NLP signals, the system generated a SELL decision."
"HDFC Bank CEO exit: Orderly succession key to investor confidence, says Moody’s - The Economic Times","Mon, 31 Aug 2026 11:20:55 GMT",banking finance,neutral,0.9306249022483826,0,,1,0,HOLD,0.04,"The NLP system detected neutral sentiment with 93.06% confidence. It identified 0 financial entities, 1 positive financial indicators and 0 negative financial indicators. Based on the combined NLP signals, the system generated a HOLD decision."
"India Post Payments Bank launches mutual fund, insurance platforms: Check what customers can access - Livemint","Wed, 02 Sep 2026 06:05:41 GMT",banking finance,neutral,0.8981481790542603,0,,0,0,HOLD,0.0,"The NLP system detected neutral sentiment with 89.81% confidence. It identified 0 financial entities, 0 positive financial indicators and 0 negative financial indicators. Based on the combined NLP signals, the system generated a HOLD decision."
FSB Chair’s letter to G20 Finance Ministers and Central Bank Governors: August 2026 - Financial Stability Board,"Mon, 31 Aug 2026 05:59:42 GMT",banking finance,neutral,0.9367046356201172,0,,0,0,HOLD,0.0,"The NLP system detected neutral sentiment with 93.67% confidence. It identified 0 financial entities, 0 positive financial indicators and 0 negative financial indicators. Based on the combined NLP signals, the system generated a HOLD decision."
"September 2026 Financial Changes: SGB Redemptions, Banking Charges And More - News18","Tue, 01 Sep 2026 05:30:18 GMT",banking finance,neutral,0.8990071415901184,0,,0,0,HOLD,0.0,"The NLP system detected neutral sentiment with 89.90% confidence. It identified 0 financial entities, 0 positive financial indicators and 0 negative financial indicators. Based on the combined NLP signals, the system generated a HOLD decision."
$100 bn and counting: FCNR (B) inflows cross the century-mark - financialexpress.com,"Tue, 01 Sep 2026 23:55:05 GMT",banking finance,neutral,0.9420735239982605,0,,0,0,HOLD,0.0,"The NLP system detected neutral sentiment with 94.21% confidence. It identified 0 financial entities, 0 positive financial indicators and 0 negative financial indicators. Based on the combined NLP signals, the system generated a HOLD decision."
Egypt’s non-bank financial sector records broad growth in H1 - Arab News,"Mon, 31 Aug 2026 11:09:14 GMT",banking finance,positive,0.8925932049751282,0,,2,0,STRONG BUY,0.7048,"The NLP system detected positive sentiment with 89.26% confidence. It identified 0 financial entities, 2 positive financial indicators and 0 negative financial indicators. Based on the combined NLP signals, the system generated a STRONG BUY decision."
RBI approves Carol Furtado as interim CEO at Ujjivan Small Finance Bank after Sanjeev Nautiyal's exit - The Economic Times,"Tue, 01 Sep 2026 16:04:15 GMT",banking finance,neutral,0.9199323058128357,0,,0,0,HOLD,0.0,"The NLP system detected neutral sentiment with 91.99% confidence. It identified 0 financial entities, 0 positive financial indicators and 0 negative financial indicators. Based on the combined NLP signals, the system generated a HOLD decision."
From Ambition to Action: Five Years of Advancing Financial Health and Inclusion in Banking - UNEP Finance Initiative,"Tue, 01 Sep 2026 05:53:28 GMT",banking finance,neutral,0.8181737065315247,0,,0,0,HOLD,0.0,"The NLP system detected neutral sentiment with 81.82% confidence. It identified 0 financial entities, 0 positive financial indicators and 0 negative financial indicators. Based on the combined NLP signals, the system generated a HOLD decision."
European banks fail to unleash potential of green bonds - Institute for Energy Economics and Financial Analysis (IEEFA),"Wed, 02 Sep 2026 05:11:14 GMT",banking finance,neutral,0.7998135089874268,0,,0,0,HOLD,0.0,"The NLP system detected neutral sentiment with 79.98% confidence. It identified 0 financial entities, 0 positive financial indicators and 0 negative financial indicators. Based on the combined NLP signals, the system generated a HOLD decision."
BSP offers rural banks free 3-year cloud banking system subscription - asianbankingandfinance.net,"Wed, 02 Sep 2026 03:16:57 GMT",banking finance,neutral,0.8796694874763489,0,,0,0,HOLD,0.0,"The NLP system detected neutral sentiment with 87.97% confidence. It identified 0 financial entities, 0 positive financial indicators and 0 negative financial indicators. Based on the combined NLP signals, the system generated a HOLD decision."
Ujjivan Small Finance Bank Ltd appoints Carol Furtado as acting MD & CEO - Whispers in the Corridors,"Wed, 02 Sep 2026 05:59:03 GMT",banking finance,neutral,0.8962195515632629,0,,0,0,HOLD,0.0,"The NLP system detected neutral sentiment with 89.62% confidence. It identified 0 financial entities, 0 positive financial indicators and 0 negative financial indicators. Based on the combined NLP signals, the system generated a HOLD decision."
These Banks Are Banding Together to Launch a Stablecoin - WSJ,"Tue, 01 Sep 2026 15:25:00 GMT",banking finance,neutral,0.866887092590332,0,,0,0,HOLD,0.0,"The NLP system detected neutral sentiment with 86.69% confidence. It identified 0 financial entities, 0 positive financial indicators and 0 negative financial indicators. Based on the combined NLP signals, the system generated a HOLD decision."
Ujjivan Small Finance Bank CEO & MD Sanjeev Nautiyal steps down on health grounds - The Economic Times,"Tue, 01 Sep 2026 12:05:27 GMT",banking finance,neutral,0.6388890147209167,0,,0,0,HOLD,0.0,"The NLP system detected neutral sentiment with 63.89% confidence. It identified 0 financial entities, 0 positive financial indicators and 0 negative financial indicators. Based on the combined NLP signals, the system generated a HOLD decision."
HDFC Bank CEO Jagdishan’s refusal to overhaul bank fueled surprise exit as chairman pushed for changes - The Economic Times,"Wed, 02 Sep 2026 04:39:27 GMT",banking finance,neutral,0.8694281578063965,0,,1,0,HOLD,0.04,"The NLP system detected neutral sentiment with 86.94% confidence. It identified 0 financial entities, 1 positive financial indicators and 0 negative financial indicators. Based on the combined NLP signals, the system generated a HOLD decision."
What is prudence in personal finance - The New Indian Express,"Sun, 30 Aug 2026 17:07:03 GMT",banking finance,neutral,0.9379405379295349,0,,0,0,HOLD,0.0,"The NLP system detected neutral sentiment with 93.79% confidence. It identified 0 financial entities, 0 positive financial indicators and 0 negative financial indicators. Based on the combined NLP signals, the system generated a HOLD decision."
Major banks shrink entry-level hiring amid AI shift - The Korea Times,"Wed, 02 Sep 2026 05:27:03 GMT",banking finance,negative,0.9578590989112854,0,,0,0,STRONG SELL,-0.6705,"The NLP system detected negative sentiment with 95.79% confidence. It identified 0 financial entities, 0 positive financial indicators and 0 negative financial indicators. Based on the combined NLP signals, the system generated a STRONG SELL decision."
Bank of America VP Killed in Times Square Stabbing - Global Finance Magazine,"Tue, 01 Sep 2026 19:20:40 GMT",banking finance,negative,0.5442490577697754,0,,0,0,SELL,-0.381,"The NLP system detected negative sentiment with 54.42% confidence. It identified 0 financial entities, 0 positive financial indicators and 0 negative financial indicators. Based on the combined NLP signals, the system generated a SELL decision."
G20 finance chiefs except China back action on distorted trade - Reuters,"Tue, 01 Sep 2026 16:05:00 GMT",global economy,neutral,0.849640429019928,0,,0,0,HOLD,0.0,"The NLP system detected neutral sentiment with 84.96% confidence. It identified 0 financial entities, 0 positive financial indicators and 0 negative financial indicators. Based on the combined NLP signals, the system generated a HOLD decision."
Elon Musk at G20: AI will probably increase the global economy by 20 to 30% - CNBC,"Tue, 01 Sep 2026 13:45:00 GMT",global economy,positive,0.542114794254303,0,,1,0,BUY,0.4195,"The NLP system detected positive sentiment with 54.21% confidence. It identified 0 financial entities, 1 positive financial indicators and 0 negative financial indicators. Based on the combined NLP signals, the system generated a BUY decision."
Copper’s Rally Stalls as Worries About Global Economy Resurface - Bloomberg.com,"Wed, 02 Sep 2026 02:54:00 GMT",global economy,negative,0.9177420139312744,0,,1,0,STRONG SELL,-0.6024,"The NLP system detected negative sentiment with 91.77% confidence. It identified 0 financial entities, 1 positive financial indicators and 0 negative financial indicators. Based on the combined NLP signals, the system generated a STRONG SELL decision."
"White House hails India’s economic resilience, calls it a fast-growing global power - Firstpost","Tue, 01 Sep 2026 03:18:16 GMT",global economy,neutral,0.8551676273345947,2,"##dia, ##dia",0,0,HOLD,0.02,"The NLP system detected neutral sentiment with 85.52% confidence. It identified 2 financial entities, 0 positive financial indicators and 0 negative financial indicators. Based on the combined NLP signals, the system generated a HOLD decision."
World economy faces a new phase of financial repression - The Times,"Tue, 01 Sep 2026 16:30:00 GMT",global economy,neutral,0.9208707809448242,0,,0,0,HOLD,0.0,"The NLP system detected neutral sentiment with 92.09% confidence. It identified 0 financial entities, 0 positive financial indicators and 0 negative financial indicators. Based on the combined NLP signals, the system generated a HOLD decision."
Bank of England Governor Warns AI Represents Threat to the Global Economy - Gizmodo,"Mon, 31 Aug 2026 17:40:01 GMT",global economy,negative,0.8503363728523254,0,,0,0,SELL,-0.5952,"The NLP system detected negative sentiment with 85.03% confidence. It identified 0 financial entities, 0 positive financial indicators and 0 negative financial indicators. Based on the combined NLP signals, the system generated a SELL decision."
ECB's Nagel: Global Economy On Growth Path Despite Middle East Crisis - Forex Factory,"Tue, 01 Sep 2026 14:09:55 GMT",global economy,positive,0.6226785182952881,0,,2,1,BUY,0.4759,"The NLP system detected positive sentiment with 62.27% confidence. It identified 0 financial entities, 2 positive financial indicators and 1 negative financial indicators. Based on the combined NLP signals, the system generated a BUY decision."
India can adjust to changes in global economy sans hurting its own growth: FM Nirmala Sitharaman - Investment Guru India,"Tue, 01 Sep 2026 05:39:43 GMT",global economy,neutral,0.8524326086044312,4,"##dia, ##dia, ##dia, ##dia",3,0,HOLD,0.16,"The NLP system detected neutral sentiment with 85.24% confidence. It identified 4 financial entities, 3 positive financial indicators and 0 negative financial indicators. Based on the combined NLP signals, the system generated a HOLD decision."
"Nirmala Sitharaman, IMF chief discuss India’s growth trajectory, global economic outlook - The Economic Times","Wed, 02 Sep 2026 02:05:39 GMT",global economy,neutral,0.9277028441429138,2,"##dia, ##dia",2,0,HOLD,0.1,"The NLP system detected neutral sentiment with 92.77% confidence. It identified 2 financial entities, 2 positive financial indicators and 0 negative financial indicators. Based on the combined NLP signals, the system generated a HOLD decision."
Watch Musk Says AI May Grow Global Economy by 20%-30% - Bloomberg.com,"Tue, 01 Sep 2026 00:00:00 GMT",global economy,neutral,0.8980986475944519,0,,0,0,HOLD,0.0,"The NLP system detected neutral sentiment with 89.81% confidence. It identified 0 financial entities, 0 positive financial indicators and 0 negative financial indicators. Based on the combined NLP signals, the system generated a HOLD decision."
The Strongest El Niño in a Generation Is Wreaking Havoc on Global Economy - WSJ,"Sat, 29 Aug 2026 09:30:00 GMT",global economy,neutral,0.616387665271759,0,,0,0,HOLD,0.0,"The NLP system detected neutral sentiment with 61.64% confidence. It identified 0 financial entities, 0 positive financial indicators and 0 negative financial indicators. Based on the combined NLP signals, the system generated a HOLD decision."
"AI could cause global economic downturn, Bank of England governor tells G20 - The Guardian","Mon, 31 Aug 2026 06:00:00 GMT",global economy,neutral,0.6350407600402832,0,,0,0,HOLD,0.0,"The NLP system detected neutral sentiment with 63.50% confidence. It identified 0 financial entities, 0 positive financial indicators and 0 negative financial indicators. Based on the combined NLP signals, the system generated a HOLD decision."
India can adapt to Global Economic Changes without derailing growth: Nirmala Sitharaman - News On AIR,"Tue, 01 Sep 2026 07:58:01 GMT",global economy,neutral,0.8552745580673218,1,##dia,2,0,HOLD,0.09,"The NLP system detected neutral sentiment with 85.53% confidence. It identified 1 financial entities, 2 positive financial indicators and 0 negative financial indicators. Based on the combined NLP signals, the system generated a HOLD decision."
"FM Sitharaman, IMF chief Georgieva discuss global outlook, India’s growth trajectory - Fortune India","Wed, 02 Sep 2026 04:35:13 GMT",global economy,neutral,0.9362367391586304,2,"##dia, ##dia",2,0,HOLD,0.1,"The NLP system detected neutral sentiment with 93.62% confidence. It identified 2 financial entities, 2 positive financial indicators and 0 negative financial indicators. Based on the combined NLP signals, the system generated a HOLD decision."
How to future-proof the global economy - worldfinance.com,"Tue, 01 Sep 2026 08:47:11 GMT",global economy,neutral,0.9314716458320618,0,,0,0,HOLD,0.0,"The NLP system detected neutral sentiment with 93.15% confidence. It identified 0 financial entities, 0 positive financial indicators and 0 negative financial indicators. Based on the combined NLP signals, the system generated a HOLD decision."
China's Vice Finance Minister Liao Min Tells G20: '15th Five-Year Plan' Domestic Demand Expansion Will Inject New Momentum into Global Economy - finance.biggo.com,"Wed, 02 Sep 2026 03:06:00 GMT",global economy,positive,0.6488081216812134,0,,1,0,BUY,0.4942,"The NLP system detected positive sentiment with 64.88% confidence. It identified 0 financial entities, 1 positive financial indicators and 0 negative financial indicators. Based on the combined NLP signals, the system generated a BUY decision."
"ECBs Nagel: Despite the middle east, the global economy remains in a growth trajectory - investingLive","Tue, 01 Sep 2026 13:27:40 GMT",global economy,neutral,0.9121099710464478,0,,2,0,HOLD,0.08,"The NLP system detected neutral sentiment with 91.21% confidence. It identified 0 financial entities, 2 positive financial indicators and 0 negative financial indicators. Based on the combined NLP signals, the system generated a HOLD decision."
